Hotel ID,Snippet
1026,"<script src=""https://mgybenoop5mbek0c.public.blob.vercel-storage.com/wah-take.js"" data-transcript=""https://mgybenoop5mbek0c.public.blob.vercel-storage.com/takes/fairmont-chateau-whistler/current/transcript.json""></script>"
1136,"<script src=""https://mgybenoop5mbek0c.public.blob.vercel-storage.com/wah-take.js"" data-transcript=""https://mgybenoop5mbek0c.public.blob.vercel-storage.com/takes/fairmont-sonoma-mission-inn-spa/current/transcript.json""></script>"
1200,"<script src=""https://mgybenoop5mbek0c.public.blob.vercel-storage.com/wah-take.js"" data-transcript=""https://mgybenoop5mbek0c.public.blob.vercel-storage.com/takes/fairmont-le-chateau-frontenac/current/transcript.json""></script>"
1202,"<script src=""https://mgybenoop5mbek0c.public.blob.vercel-storage.com/wah-take.js"" data-transcript=""https://mgybenoop5mbek0c.public.blob.vercel-storage.com/takes/fairmont-chateau-lake-louise/current/transcript.json""></script>"
1203,"<script src=""https://mgybenoop5mbek0c.public.blob.vercel-storage.com/wah-take.js"" data-transcript=""https://mgybenoop5mbek0c.public.blob.vercel-storage.com/takes/fairmont-banff-springs/current/transcript.json""></script>"
1208,"<script src=""https://mgybenoop5mbek0c.public.blob.vercel-storage.com/wah-take.js"" data-transcript=""https://mgybenoop5mbek0c.public.blob.vercel-storage.com/takes/fairmont-hotel-vancouver/current/transcript.json""></script>"
1209,"<script src=""https://mgybenoop5mbek0c.public.blob.vercel-storage.com/wah-take.js"" data-transcript=""https://mgybenoop5mbek0c.public.blob.vercel-storage.com/takes/fairmont-the-queen-elizabeth-hotel/current/transcript.json""></script>"
1223,"<script src=""https://mgybenoop5mbek0c.public.blob.vercel-storage.com/wah-take.js"" data-transcript=""https://mgybenoop5mbek0c.public.blob.vercel-storage.com/takes/fairmont-kea-lani-maui/current/transcript.json""></script>"
1226,"<script src=""https://mgybenoop5mbek0c.public.blob.vercel-storage.com/wah-take.js"" data-transcript=""https://mgybenoop5mbek0c.public.blob.vercel-storage.com/takes/fairmont-hamilton-princess-beach-club/current/transcript.json""></script>"
1229,"<script src=""https://mgybenoop5mbek0c.public.blob.vercel-storage.com/wah-take.js"" data-transcript=""https://mgybenoop5mbek0c.public.blob.vercel-storage.com/takes/fairmont-royal-york/current/transcript.json""></script>"
1234,"<script src=""https://mgybenoop5mbek0c.public.blob.vercel-storage.com/wah-take.js"" data-transcript=""https://mgybenoop5mbek0c.public.blob.vercel-storage.com/takes/fairmont-chateau-laurier/current/transcript.json""></script>"
1312,"<script src=""https://mgybenoop5mbek0c.public.blob.vercel-storage.com/wah-take.js"" data-transcript=""https://mgybenoop5mbek0c.public.blob.vercel-storage.com/takes/fairmont-le-montreux-palace/current/transcript.json""></script>"
1459,"<script src=""https://mgybenoop5mbek0c.public.blob.vercel-storage.com/wah-take.js"" data-transcript=""https://mgybenoop5mbek0c.public.blob.vercel-storage.com/takes/fairmont-jasper-park-lodge/current/transcript.json""></script>"
1483,"<script src=""https://mgybenoop5mbek0c.public.blob.vercel-storage.com/wah-take.js"" data-transcript=""https://mgybenoop5mbek0c.public.blob.vercel-storage.com/takes/fairmont-olympic-seattle/current/transcript.json""></script>"
1637,"<script src=""https://mgybenoop5mbek0c.public.blob.vercel-storage.com/wah-take.js"" data-transcript=""https://mgybenoop5mbek0c.public.blob.vercel-storage.com/takes/fairmont-empress/current/transcript.json""></script>"
1638,"<script src=""https://mgybenoop5mbek0c.public.blob.vercel-storage.com/wah-take.js"" data-transcript=""https://mgybenoop5mbek0c.public.blob.vercel-storage.com/takes/fairmont-orchid/current/transcript.json""></script>"
1639,"<script src=""https://mgybenoop5mbek0c.public.blob.vercel-storage.com/wah-take.js"" data-transcript=""https://mgybenoop5mbek0c.public.blob.vercel-storage.com/takes/fairmont-scottsdale-princess/current/transcript.json""></script>"
1717,"<script src=""https://mgybenoop5mbek0c.public.blob.vercel-storage.com/wah-take.js"" data-transcript=""https://mgybenoop5mbek0c.public.blob.vercel-storage.com/takes/fairmont-mayakoba/current/transcript.json""></script>"
1882,"<script src=""https://mgybenoop5mbek0c.public.blob.vercel-storage.com/wah-take.js"" data-transcript=""https://mgybenoop5mbek0c.public.blob.vercel-storage.com/takes/fairmont-waterfront/current/transcript.json""></script>"
1920,"<script src=""https://mgybenoop5mbek0c.public.blob.vercel-storage.com/wah-take.js"" data-transcript=""https://mgybenoop5mbek0c.public.blob.vercel-storage.com/takes/fairmont-plaza-hotel-new-york/current/transcript.json""></script>"
1940,"<script src=""https://mgybenoop5mbek0c.public.blob.vercel-storage.com/wah-take.js"" data-transcript=""https://mgybenoop5mbek0c.public.blob.vercel-storage.com/takes/fairmont-el-san-juan-hotel/current/transcript.json""></script>"
2003,"<script src=""https://mgybenoop5mbek0c.public.blob.vercel-storage.com/wah-take.js"" data-transcript=""https://mgybenoop5mbek0c.public.blob.vercel-storage.com/takes/fairmont-chicago-millennium-park/current/transcript.json""></script>"
2004,"<script src=""https://mgybenoop5mbek0c.public.blob.vercel-storage.com/wah-take.js"" data-transcript=""https://mgybenoop5mbek0c.public.blob.vercel-storage.com/takes/fairmont-copley-plaza/current/transcript.json""></script>"
2038,"<script src=""https://mgybenoop5mbek0c.public.blob.vercel-storage.com/wah-take.js"" data-transcript=""https://mgybenoop5mbek0c.public.blob.vercel-storage.com/takes/fairmont-singapore/current/transcript.json""></script>"
2080,"<script src=""https://mgybenoop5mbek0c.public.blob.vercel-storage.com/wah-take.js"" data-transcript=""https://mgybenoop5mbek0c.public.blob.vercel-storage.com/takes/fairmont-century-plaza/current/transcript.json""></script>"
2133,"<script src=""https://mgybenoop5mbek0c.public.blob.vercel-storage.com/wah-take.js"" data-transcript=""https://mgybenoop5mbek0c.public.blob.vercel-storage.com/takes/fairmont-miramar-hotel-bungalows/current/transcript.json""></script>"
2135,"<script src=""https://mgybenoop5mbek0c.public.blob.vercel-storage.com/wah-take.js"" data-transcript=""https://mgybenoop5mbek0c.public.blob.vercel-storage.com/takes/fairmont-royal-pavilion/current/transcript.json""></script>"
2136,"<script src=""https://mgybenoop5mbek0c.public.blob.vercel-storage.com/wah-take.js"" data-transcript=""https://mgybenoop5mbek0c.public.blob.vercel-storage.com/takes/fairmont-san-francisco/current/transcript.json""></script>"
2137,"<script src=""https://mgybenoop5mbek0c.public.blob.vercel-storage.com/wah-take.js"" data-transcript=""https://mgybenoop5mbek0c.public.blob.vercel-storage.com/takes/fairmont-washington-d-c-georgetown/current/transcript.json""></script>"
2157,"<script src=""https://mgybenoop5mbek0c.public.blob.vercel-storage.com/wah-take.js"" data-transcript=""https://mgybenoop5mbek0c.public.blob.vercel-storage.com/takes/fairmont-vancouver-airport/current/transcript.json""></script>"
2238,"<script src=""https://mgybenoop5mbek0c.public.blob.vercel-storage.com/wah-take.js"" data-transcript=""https://mgybenoop5mbek0c.public.blob.vercel-storage.com/takes/fairmont-grand-del-mar/current/transcript.json""></script>"
2362,"<script src=""https://mgybenoop5mbek0c.public.blob.vercel-storage.com/wah-take.js"" data-transcript=""https://mgybenoop5mbek0c.public.blob.vercel-storage.com/takes/fairmont-pacific-rim/current/transcript.json""></script>"
2373,"<script src=""https://mgybenoop5mbek0c.public.blob.vercel-storage.com/wah-take.js"" data-transcript=""https://mgybenoop5mbek0c.public.blob.vercel-storage.com/takes/fairmont-mara-safari-club/current/transcript.json""></script>"
2375,"<script src=""https://mgybenoop5mbek0c.public.blob.vercel-storage.com/wah-take.js"" data-transcript=""https://mgybenoop5mbek0c.public.blob.vercel-storage.com/takes/fairmont-the-norfolk/current/transcript.json""></script>"
2376,"<script src=""https://mgybenoop5mbek0c.public.blob.vercel-storage.com/wah-take.js"" data-transcript=""https://mgybenoop5mbek0c.public.blob.vercel-storage.com/takes/fairmont-mount-kenya-safari-club/current/transcript.json""></script>"
2434,"<script src=""https://mgybenoop5mbek0c.public.blob.vercel-storage.com/wah-take.js"" data-transcript=""https://mgybenoop5mbek0c.public.blob.vercel-storage.com/takes/fairmont-savoy/current/transcript.json""></script>"
2639,"<script src=""https://mgybenoop5mbek0c.public.blob.vercel-storage.com/wah-take.js"" data-transcript=""https://mgybenoop5mbek0c.public.blob.vercel-storage.com/takes/fairmont-peace-hotel/current/transcript.json""></script>"
2650,"<script src=""https://mgybenoop5mbek0c.public.blob.vercel-storage.com/wah-take.js"" data-transcript=""https://mgybenoop5mbek0c.public.blob.vercel-storage.com/takes/fairmont-monte-carlo/current/transcript.json""></script>"
2736,"<script src=""https://mgybenoop5mbek0c.public.blob.vercel-storage.com/wah-take.js"" data-transcript=""https://mgybenoop5mbek0c.public.blob.vercel-storage.com/takes/fairmont-dallas/current/transcript.json""></script>"
3325,"<script src=""https://mgybenoop5mbek0c.public.blob.vercel-storage.com/wah-take.js"" data-transcript=""https://mgybenoop5mbek0c.public.blob.vercel-storage.com/takes/fairmont-austin/current/transcript.json""></script>"
3605,"<script src=""https://mgybenoop5mbek0c.public.blob.vercel-storage.com/wah-take.js"" data-transcript=""https://mgybenoop5mbek0c.public.blob.vercel-storage.com/takes/fairmont-st-andrews/current/transcript.json""></script>"
4844,"<script src=""https://mgybenoop5mbek0c.public.blob.vercel-storage.com/wah-take.js"" data-transcript=""https://mgybenoop5mbek0c.public.blob.vercel-storage.com/takes/fairmont-le-chateau-montebello/current/transcript.json""></script>"
4845,"<script src=""https://mgybenoop5mbek0c.public.blob.vercel-storage.com/wah-take.js"" data-transcript=""https://mgybenoop5mbek0c.public.blob.vercel-storage.com/takes/fairmont-tremblant/current/transcript.json""></script>"
4846,"<script src=""https://mgybenoop5mbek0c.public.blob.vercel-storage.com/wah-take.js"" data-transcript=""https://mgybenoop5mbek0c.public.blob.vercel-storage.com/takes/fairmont-palliser/current/transcript.json""></script>"
4848,"<script src=""https://mgybenoop5mbek0c.public.blob.vercel-storage.com/wah-take.js"" data-transcript=""https://mgybenoop5mbek0c.public.blob.vercel-storage.com/takes/fairmont-le-manoir-richelieu/current/transcript.json""></script>"
4849,"<script src=""https://mgybenoop5mbek0c.public.blob.vercel-storage.com/wah-take.js"" data-transcript=""https://mgybenoop5mbek0c.public.blob.vercel-storage.com/takes/fairmont-rio-de-janeiro-copacabana/current/transcript.json""></script>"
4873,"<script src=""https://mgybenoop5mbek0c.public.blob.vercel-storage.com/wah-take.js"" data-transcript=""https://mgybenoop5mbek0c.public.blob.vercel-storage.com/takes/fairmont-baku-flame-towers/current/transcript.json""></script>"
4884,"<script src=""https://mgybenoop5mbek0c.public.blob.vercel-storage.com/wah-take.js"" data-transcript=""https://mgybenoop5mbek0c.public.blob.vercel-storage.com/takes/fairmont-taghazout-bay/current/transcript.json""></script>"
4886,"<script src=""https://mgybenoop5mbek0c.public.blob.vercel-storage.com/wah-take.js"" data-transcript=""https://mgybenoop5mbek0c.public.blob.vercel-storage.com/takes/fairmont-royal-palm-marrakech/current/transcript.json""></script>"
4888,"<script src=""https://mgybenoop5mbek0c.public.blob.vercel-storage.com/wah-take.js"" data-transcript=""https://mgybenoop5mbek0c.public.blob.vercel-storage.com/takes/carton-house-a-fairmont-hotel/current/transcript.json""></script>"
4902,"<script src=""https://mgybenoop5mbek0c.public.blob.vercel-storage.com/wah-take.js"" data-transcript=""https://mgybenoop5mbek0c.public.blob.vercel-storage.com/takes/fairmont-windsor-park/current/transcript.json""></script>"
4905,"<script src=""https://mgybenoop5mbek0c.public.blob.vercel-storage.com/wah-take.js"" data-transcript=""https://mgybenoop5mbek0c.public.blob.vercel-storage.com/takes/fairmont-chengdu/current/transcript.json""></script>"
4916,"<script src=""https://mgybenoop5mbek0c.public.blob.vercel-storage.com/wah-take.js"" data-transcript=""https://mgybenoop5mbek0c.public.blob.vercel-storage.com/takes/fairmont-quasar-istanbul/current/transcript.json""></script>"
4922,"<script src=""https://mgybenoop5mbek0c.public.blob.vercel-storage.com/wah-take.js"" data-transcript=""https://mgybenoop5mbek0c.public.blob.vercel-storage.com/takes/fairmont-bab-al-bahr/current/transcript.json""></script>"
4923,"<script src=""https://mgybenoop5mbek0c.public.blob.vercel-storage.com/wah-take.js"" data-transcript=""https://mgybenoop5mbek0c.public.blob.vercel-storage.com/takes/fairmont-the-palm-dubai/current/transcript.json""></script>"
4924,"<script src=""https://mgybenoop5mbek0c.public.blob.vercel-storage.com/wah-take.js"" data-transcript=""https://mgybenoop5mbek0c.public.blob.vercel-storage.com/takes/fairmont-dubai-hotel/current/transcript.json""></script>"
4925,"<script src=""https://mgybenoop5mbek0c.public.blob.vercel-storage.com/wah-take.js"" data-transcript=""https://mgybenoop5mbek0c.public.blob.vercel-storage.com/takes/fairmont-fujairah-beach-resort/current/transcript.json""></script>"
4926,"<script src=""https://mgybenoop5mbek0c.public.blob.vercel-storage.com/wah-take.js"" data-transcript=""https://mgybenoop5mbek0c.public.blob.vercel-storage.com/takes/fairmont-ajman/current/transcript.json""></script>"
4935,"<script src=""https://mgybenoop5mbek0c.public.blob.vercel-storage.com/wah-take.js"" data-transcript=""https://mgybenoop5mbek0c.public.blob.vercel-storage.com/takes/fairmont-jakarta/current/transcript.json""></script>"
4948,"<script src=""https://mgybenoop5mbek0c.public.blob.vercel-storage.com/wah-take.js"" data-transcript=""https://mgybenoop5mbek0c.public.blob.vercel-storage.com/takes/fairmont-ambassador-seoul/current/transcript.json""></script>"
6128,"<script src=""https://mgybenoop5mbek0c.public.blob.vercel-storage.com/wah-take.js"" data-transcript=""https://mgybenoop5mbek0c.public.blob.vercel-storage.com/takes/fairmont-sanya-haitang-bay/current/transcript.json""></script>"
6130,"<script src=""https://mgybenoop5mbek0c.public.blob.vercel-storage.com/wah-take.js"" data-transcript=""https://mgybenoop5mbek0c.public.blob.vercel-storage.com/takes/fairmont-wuhan/current/transcript.json""></script>"
6131,"<script src=""https://mgybenoop5mbek0c.public.blob.vercel-storage.com/wah-take.js"" data-transcript=""https://mgybenoop5mbek0c.public.blob.vercel-storage.com/takes/fairmont-nile-city-hotel/current/transcript.json""></script>"
6132,"<script src=""https://mgybenoop5mbek0c.public.blob.vercel-storage.com/wah-take.js"" data-transcript=""https://mgybenoop5mbek0c.public.blob.vercel-storage.com/takes/fairmont-amman/current/transcript.json""></script>"
6134,"<script src=""https://mgybenoop5mbek0c.public.blob.vercel-storage.com/wah-take.js"" data-transcript=""https://mgybenoop5mbek0c.public.blob.vercel-storage.com/takes/fairmont-riyadh/current/transcript.json""></script>"
6139,"<script src=""https://mgybenoop5mbek0c.public.blob.vercel-storage.com/wah-take.js"" data-transcript=""https://mgybenoop5mbek0c.public.blob.vercel-storage.com/takes/fairmont-hotel-macdonald/current/transcript.json""></script>"
6140,"<script src=""https://mgybenoop5mbek0c.public.blob.vercel-storage.com/wah-take.js"" data-transcript=""https://mgybenoop5mbek0c.public.blob.vercel-storage.com/takes/fairmont-pittsburgh/current/transcript.json""></script>"
6642,"<script src=""https://mgybenoop5mbek0c.public.blob.vercel-storage.com/wah-take.js"" data-transcript=""https://mgybenoop5mbek0c.public.blob.vercel-storage.com/takes/fairmont-doha/current/transcript.json""></script>"
6788,"<script src=""https://mgybenoop5mbek0c.public.blob.vercel-storage.com/wah-take.js"" data-transcript=""https://mgybenoop5mbek0c.public.blob.vercel-storage.com/takes/fairmont-la-hacienda-costa-del-sol/current/transcript.json""></script>"
6900,"<script src=""https://mgybenoop5mbek0c.public.blob.vercel-storage.com/wah-take.js"" data-transcript=""https://mgybenoop5mbek0c.public.blob.vercel-storage.com/takes/fairmont-golden-prague/current/transcript.json""></script>"
7029,"<script src=""https://mgybenoop5mbek0c.public.blob.vercel-storage.com/wah-take.js"" data-transcript=""https://mgybenoop5mbek0c.public.blob.vercel-storage.com/takes/fairmont-breakers-long-beach/current/transcript.json""></script>"
