Hotel ID,Snippet
1840,"<script src=""https://mgybenoop5mbek0c.public.blob.vercel-storage.com/wah-take.js"" data-transcript=""https://mgybenoop5mbek0c.public.blob.vercel-storage.com/takes/four-seasons-alexandria/current/transcript.json""></script>"
2253,"<script src=""https://mgybenoop5mbek0c.public.blob.vercel-storage.com/wah-take.js"" data-transcript=""https://mgybenoop5mbek0c.public.blob.vercel-storage.com/takes/four-seasons-mumbai/current/transcript.json""></script>"
3106,"<script src=""https://mgybenoop5mbek0c.public.blob.vercel-storage.com/wah-take.js"" data-transcript=""https://mgybenoop5mbek0c.public.blob.vercel-storage.com/takes/four-seasons-jakarta/current/transcript.json""></script>"
1516,"<script src=""https://mgybenoop5mbek0c.public.blob.vercel-storage.com/wah-take.js"" data-transcript=""https://mgybenoop5mbek0c.public.blob.vercel-storage.com/takes/four-seasons-mexico-city/current/transcript.json""></script>"
2951,"<script src=""https://mgybenoop5mbek0c.public.blob.vercel-storage.com/wah-take.js"" data-transcript=""https://mgybenoop5mbek0c.public.blob.vercel-storage.com/takes/four-seasons-bahrain-bay/current/transcript.json""></script>"
1137,"<script src=""https://mgybenoop5mbek0c.public.blob.vercel-storage.com/wah-take.js"" data-transcript=""https://mgybenoop5mbek0c.public.blob.vercel-storage.com/takes/four-seasons-cairo-first-residence/current/transcript.json""></script>"
2903,"<script src=""https://mgybenoop5mbek0c.public.blob.vercel-storage.com/wah-take.js"" data-transcript=""https://mgybenoop5mbek0c.public.blob.vercel-storage.com/takes/four-seasons-dubai-jumeirah-beach/current/transcript.json""></script>"
1281,"<script src=""https://mgybenoop5mbek0c.public.blob.vercel-storage.com/wah-take.js"" data-transcript=""https://mgybenoop5mbek0c.public.blob.vercel-storage.com/takes/four-seasons-buenos-aires/current/transcript.json""></script>"
2173,"<script src=""https://mgybenoop5mbek0c.public.blob.vercel-storage.com/wah-take.js"" data-transcript=""https://mgybenoop5mbek0c.public.blob.vercel-storage.com/takes/four-seasons-istanbul-bosphorus/current/transcript.json""></script>"
1096,"<script src=""https://mgybenoop5mbek0c.public.blob.vercel-storage.com/wah-take.js"" data-transcript=""https://mgybenoop5mbek0c.public.blob.vercel-storage.com/takes/four-seasons-paris-george-v/current/transcript.json""></script>"
1841,"<script src=""https://mgybenoop5mbek0c.public.blob.vercel-storage.com/wah-take.js"" data-transcript=""https://mgybenoop5mbek0c.public.blob.vercel-storage.com/takes/four-seasons-amman/current/transcript.json""></script>"
1166,"<script src=""https://mgybenoop5mbek0c.public.blob.vercel-storage.com/wah-take.js"" data-transcript=""https://mgybenoop5mbek0c.public.blob.vercel-storage.com/takes/four-seasons-sydney/current/transcript.json""></script>"
3105,"<script src=""https://mgybenoop5mbek0c.public.blob.vercel-storage.com/wah-take.js"" data-transcript=""https://mgybenoop5mbek0c.public.blob.vercel-storage.com/takes/four-seasons-abu-dhabi-al-maryah/current/transcript.json""></script>"
3463,"<script src=""https://mgybenoop5mbek0c.public.blob.vercel-storage.com/wah-take.js"" data-transcript=""https://mgybenoop5mbek0c.public.blob.vercel-storage.com/takes/four-seasons-kuala-lumpur/current/transcript.json""></script>"
3123,"<script src=""https://mgybenoop5mbek0c.public.blob.vercel-storage.com/wah-take.js"" data-transcript=""https://mgybenoop5mbek0c.public.blob.vercel-storage.com/takes/four-seasons-kuwait/current/transcript.json""></script>"
2889,"<script src=""https://mgybenoop5mbek0c.public.blob.vercel-storage.com/wah-take.js"" data-transcript=""https://mgybenoop5mbek0c.public.blob.vercel-storage.com/takes/four-seasons-johannesburg-westcliff/current/transcript.json""></script>"
1324,"<script src=""https://mgybenoop5mbek0c.public.blob.vercel-storage.com/wah-take.js"" data-transcript=""https://mgybenoop5mbek0c.public.blob.vercel-storage.com/takes/four-seasons-budapest-gresham-palace/current/transcript.json""></script>"
3040,"<script src=""https://mgybenoop5mbek0c.public.blob.vercel-storage.com/wah-take.js"" data-transcript=""https://mgybenoop5mbek0c.public.blob.vercel-storage.com/takes/four-seasons-casablanca/current/transcript.json""></script>"
3897,"<script src=""https://mgybenoop5mbek0c.public.blob.vercel-storage.com/wah-take.js"" data-transcript=""https://mgybenoop5mbek0c.public.blob.vercel-storage.com/takes/four-seasons-madrid/current/transcript.json""></script>"
1414,"<script src=""https://mgybenoop5mbek0c.public.blob.vercel-storage.com/wah-take.js"" data-transcript=""https://mgybenoop5mbek0c.public.blob.vercel-storage.com/takes/four-seasons-punta-mita/current/transcript.json""></script>"
2595,"<script src=""https://mgybenoop5mbek0c.public.blob.vercel-storage.com/wah-take.js"" data-transcript=""https://mgybenoop5mbek0c.public.blob.vercel-storage.com/takes/four-seasons-toronto/current/transcript.json""></script>"
1844,"<script src=""https://mgybenoop5mbek0c.public.blob.vercel-storage.com/wah-take.js"" data-transcript=""https://mgybenoop5mbek0c.public.blob.vercel-storage.com/takes/four-seasons-hong-kong/current/transcript.json""></script>"
3937,"<script src=""https://mgybenoop5mbek0c.public.blob.vercel-storage.com/wah-take.js"" data-transcript=""https://mgybenoop5mbek0c.public.blob.vercel-storage.com/takes/four-seasons-bangkok/current/transcript.json""></script>"
1018,"<script src=""https://mgybenoop5mbek0c.public.blob.vercel-storage.com/wah-take.js"" data-transcript=""https://mgybenoop5mbek0c.public.blob.vercel-storage.com/takes/four-seasons-ritz-lisbon/current/transcript.json""></script>"
3466,"<script src=""https://mgybenoop5mbek0c.public.blob.vercel-storage.com/wah-take.js"" data-transcript=""https://mgybenoop5mbek0c.public.blob.vercel-storage.com/takes/four-seasons-astir-palace-athens/current/transcript.json""></script>"
1453,"<script src=""https://mgybenoop5mbek0c.public.blob.vercel-storage.com/wah-take.js"" data-transcript=""https://mgybenoop5mbek0c.public.blob.vercel-storage.com/takes/four-seasons-beverly-wilshire/current/transcript.json""></script>"
1787,"<script src=""https://mgybenoop5mbek0c.public.blob.vercel-storage.com/wah-take.js"" data-transcript=""https://mgybenoop5mbek0c.public.blob.vercel-storage.com/takes/four-seasons-singapore/current/transcript.json""></script>"
3046,"<script src=""https://mgybenoop5mbek0c.public.blob.vercel-storage.com/wah-take.js"" data-transcript=""https://mgybenoop5mbek0c.public.blob.vercel-storage.com/takes/four-seasons-oahu-ko-olina/current/transcript.json""></script>"
2551,"<script src=""https://mgybenoop5mbek0c.public.blob.vercel-storage.com/wah-take.js"" data-transcript=""https://mgybenoop5mbek0c.public.blob.vercel-storage.com/takes/four-seasons-baltimore/current/transcript.json""></script>"
1552,"<script src=""https://mgybenoop5mbek0c.public.blob.vercel-storage.com/wah-take.js"" data-transcript=""https://mgybenoop5mbek0c.public.blob.vercel-storage.com/takes/four-seasons-des-bergues-geneva/current/transcript.json""></script>"
1095,"<script src=""https://mgybenoop5mbek0c.public.blob.vercel-storage.com/wah-take.js"" data-transcript=""https://mgybenoop5mbek0c.public.blob.vercel-storage.com/takes/four-seasons-istanbul-sultanahmet/current/transcript.json""></script>"
1927,"<script src=""https://mgybenoop5mbek0c.public.blob.vercel-storage.com/wah-take.js"" data-transcript=""https://mgybenoop5mbek0c.public.blob.vercel-storage.com/takes/four-seasons-florence/current/transcript.json""></script>"
1326,"<script src=""https://mgybenoop5mbek0c.public.blob.vercel-storage.com/wah-take.js"" data-transcript=""https://mgybenoop5mbek0c.public.blob.vercel-storage.com/takes/four-seasons-miami/current/transcript.json""></script>"
1438,"<script src=""https://mgybenoop5mbek0c.public.blob.vercel-storage.com/wah-take.js"" data-transcript=""https://mgybenoop5mbek0c.public.blob.vercel-storage.com/takes/four-seasons-bali-jimbaran-bay/current/transcript.json""></script>"
1413,"<script src=""https://mgybenoop5mbek0c.public.blob.vercel-storage.com/wah-take.js"" data-transcript=""https://mgybenoop5mbek0c.public.blob.vercel-storage.com/takes/four-seasons-las-vegas/current/transcript.json""></script>"
1544,"<script src=""https://mgybenoop5mbek0c.public.blob.vercel-storage.com/wah-take.js"" data-transcript=""https://mgybenoop5mbek0c.public.blob.vercel-storage.com/takes/four-seasons-austin/current/transcript.json""></script>"
995,"<script src=""https://mgybenoop5mbek0c.public.blob.vercel-storage.com/wah-take.js"" data-transcript=""https://mgybenoop5mbek0c.public.blob.vercel-storage.com/takes/four-seasons-milano/current/transcript.json""></script>"
1546,"<script src=""https://mgybenoop5mbek0c.public.blob.vercel-storage.com/wah-take.js"" data-transcript=""https://mgybenoop5mbek0c.public.blob.vercel-storage.com/takes/four-seasons-houston/current/transcript.json""></script>"
1415,"<script src=""https://mgybenoop5mbek0c.public.blob.vercel-storage.com/wah-take.js"" data-transcript=""https://mgybenoop5mbek0c.public.blob.vercel-storage.com/takes/four-seasons-los-angeles-beverly-hills/current/transcript.json""></script>"
1931,"<script src=""https://mgybenoop5mbek0c.public.blob.vercel-storage.com/wah-take.js"" data-transcript=""https://mgybenoop5mbek0c.public.blob.vercel-storage.com/takes/four-seasons-st-louis/current/transcript.json""></script>"
2596,"<script src=""https://mgybenoop5mbek0c.public.blob.vercel-storage.com/wah-take.js"" data-transcript=""https://mgybenoop5mbek0c.public.blob.vercel-storage.com/takes/four-seasons-baku/current/transcript.json""></script>"
2561,"<script src=""https://mgybenoop5mbek0c.public.blob.vercel-storage.com/wah-take.js"" data-transcript=""https://mgybenoop5mbek0c.public.blob.vercel-storage.com/takes/four-seasons-danieli-venice/current/transcript.json""></script>"
2425,"<script src=""https://mgybenoop5mbek0c.public.blob.vercel-storage.com/wah-take.js"" data-transcript=""https://mgybenoop5mbek0c.public.blob.vercel-storage.com/takes/four-seasons-denver/current/transcript.json""></script>"
1486,"<script src=""https://mgybenoop5mbek0c.public.blob.vercel-storage.com/wah-take.js"" data-transcript=""https://mgybenoop5mbek0c.public.blob.vercel-storage.com/takes/four-seasons-washington-dc/current/transcript.json""></script>"
1160,"<script src=""https://mgybenoop5mbek0c.public.blob.vercel-storage.com/wah-take.js"" data-transcript=""https://mgybenoop5mbek0c.public.blob.vercel-storage.com/takes/four-seasons-prague/current/transcript.json""></script>"
2492,"<script src=""https://mgybenoop5mbek0c.public.blob.vercel-storage.com/wah-take.js"" data-transcript=""https://mgybenoop5mbek0c.public.blob.vercel-storage.com/takes/four-seasons-marrakech/current/transcript.json""></script>"
1354,"<script src=""https://mgybenoop5mbek0c.public.blob.vercel-storage.com/wah-take.js"" data-transcript=""https://mgybenoop5mbek0c.public.blob.vercel-storage.com/takes/four-seasons-whistler/current/transcript.json""></script>"
1833,"<script src=""https://mgybenoop5mbek0c.public.blob.vercel-storage.com/wah-take.js"" data-transcript=""https://mgybenoop5mbek0c.public.blob.vercel-storage.com/takes/four-seasons-atlanta/current/transcript.json""></script>"
3043,"<script src=""https://mgybenoop5mbek0c.public.blob.vercel-storage.com/wah-take.js"" data-transcript=""https://mgybenoop5mbek0c.public.blob.vercel-storage.com/takes/four-seasons-casa-medina-bogota/current/transcript.json""></script>"
2250,"<script src=""https://mgybenoop5mbek0c.public.blob.vercel-storage.com/wah-take.js"" data-transcript=""https://mgybenoop5mbek0c.public.blob.vercel-storage.com/takes/four-seasons-seattle/current/transcript.json""></script>"
3273,"<script src=""https://mgybenoop5mbek0c.public.blob.vercel-storage.com/wah-take.js"" data-transcript=""https://mgybenoop5mbek0c.public.blob.vercel-storage.com/takes/four-seasons-tunis/current/transcript.json""></script>"
1423,"<script src=""https://mgybenoop5mbek0c.public.blob.vercel-storage.com/wah-take.js"" data-transcript=""https://mgybenoop5mbek0c.public.blob.vercel-storage.com/takes/four-seasons-london-park-lane/current/transcript.json""></script>"
1197,"<script src=""https://mgybenoop5mbek0c.public.blob.vercel-storage.com/wah-take.js"" data-transcript=""https://mgybenoop5mbek0c.public.blob.vercel-storage.com/takes/four-seasons-san-francisco/current/transcript.json""></script>"
3107,"<script src=""https://mgybenoop5mbek0c.public.blob.vercel-storage.com/wah-take.js"" data-transcript=""https://mgybenoop5mbek0c.public.blob.vercel-storage.com/takes/four-seasons-kyoto/current/transcript.json""></script>"
1835,"<script src=""https://mgybenoop5mbek0c.public.blob.vercel-storage.com/wah-take.js"" data-transcript=""https://mgybenoop5mbek0c.public.blob.vercel-storage.com/takes/four-seasons-chicago/current/transcript.json""></script>"
1834,"<script src=""https://mgybenoop5mbek0c.public.blob.vercel-storage.com/wah-take.js"" data-transcript=""https://mgybenoop5mbek0c.public.blob.vercel-storage.com/takes/four-seasons-boston/current/transcript.json""></script>"
1315,"<script src=""https://mgybenoop5mbek0c.public.blob.vercel-storage.com/wah-take.js"" data-transcript=""https://mgybenoop5mbek0c.public.blob.vercel-storage.com/takes/four-seasons-hampshire/current/transcript.json""></script>"
996,"<script src=""https://mgybenoop5mbek0c.public.blob.vercel-storage.com/wah-take.js"" data-transcript=""https://mgybenoop5mbek0c.public.blob.vercel-storage.com/takes/four-seasons-bali-sayan/current/transcript.json""></script>"
2282,"<script src=""https://mgybenoop5mbek0c.public.blob.vercel-storage.com/wah-take.js"" data-transcript=""https://mgybenoop5mbek0c.public.blob.vercel-storage.com/takes/four-seasons-silicon-valley/current/transcript.json""></script>"
3118,"<script src=""https://mgybenoop5mbek0c.public.blob.vercel-storage.com/wah-take.js"" data-transcript=""https://mgybenoop5mbek0c.public.blob.vercel-storage.com/takes/four-seasons-london-tower-bridge/current/transcript.json""></script>"
1089,"<script src=""https://mgybenoop5mbek0c.public.blob.vercel-storage.com/wah-take.js"" data-transcript=""https://mgybenoop5mbek0c.public.blob.vercel-storage.com/takes/four-seasons-scottsdale-troon-north/current/transcript.json""></script>"
1790,"<script src=""https://mgybenoop5mbek0c.public.blob.vercel-storage.com/wah-take.js"" data-transcript=""https://mgybenoop5mbek0c.public.blob.vercel-storage.com/takes/four-seasons-westlake-village/current/transcript.json""></script>"
2154,"<script src=""https://mgybenoop5mbek0c.public.blob.vercel-storage.com/wah-take.js"" data-transcript=""https://mgybenoop5mbek0c.public.blob.vercel-storage.com/takes/four-seasons-hualalai/current/transcript.json""></script>"
3109,"<script src=""https://mgybenoop5mbek0c.public.blob.vercel-storage.com/wah-take.js"" data-transcript=""https://mgybenoop5mbek0c.public.blob.vercel-storage.com/takes/four-seasons-surf-club/current/transcript.json""></script>"
1079,"<script src=""https://mgybenoop5mbek0c.public.blob.vercel-storage.com/wah-take.js"" data-transcript=""https://mgybenoop5mbek0c.public.blob.vercel-storage.com/takes/four-seasons-cap-ferrat/current/transcript.json""></script>"
1389,"<script src=""https://mgybenoop5mbek0c.public.blob.vercel-storage.com/wah-take.js"" data-transcript=""https://mgybenoop5mbek0c.public.blob.vercel-storage.com/takes/four-seasons-chiang-mai/current/transcript.json""></script>"
1838,"<script src=""https://mgybenoop5mbek0c.public.blob.vercel-storage.com/wah-take.js"" data-transcript=""https://mgybenoop5mbek0c.public.blob.vercel-storage.com/takes/four-seasons-new-york/current/transcript.json""></script>"
950,"<script src=""https://mgybenoop5mbek0c.public.blob.vercel-storage.com/wah-take.js"" data-transcript=""https://mgybenoop5mbek0c.public.blob.vercel-storage.com/takes/four-seasons-palm-beach/current/transcript.json""></script>"
3621,"<script src=""https://mgybenoop5mbek0c.public.blob.vercel-storage.com/wah-take.js"" data-transcript=""https://mgybenoop5mbek0c.public.blob.vercel-storage.com/takes/four-seasons-montreal/current/transcript.json""></script>"
2390,"<script src=""https://mgybenoop5mbek0c.public.blob.vercel-storage.com/wah-take.js"" data-transcript=""https://mgybenoop5mbek0c.public.blob.vercel-storage.com/takes/four-seasons-vail/current/transcript.json""></script>"
1837,"<script src=""https://mgybenoop5mbek0c.public.blob.vercel-storage.com/wah-take.js"" data-transcript=""https://mgybenoop5mbek0c.public.blob.vercel-storage.com/takes/four-seasons-philadelphia/current/transcript.json""></script>"
4077,"<script src=""https://mgybenoop5mbek0c.public.blob.vercel-storage.com/wah-take.js"" data-transcript=""https://mgybenoop5mbek0c.public.blob.vercel-storage.com/takes/four-seasons-tokyo-otemachi/current/transcript.json""></script>"
1767,"<script src=""https://mgybenoop5mbek0c.public.blob.vercel-storage.com/wah-take.js"" data-transcript=""https://mgybenoop5mbek0c.public.blob.vercel-storage.com/takes/four-seasons-langkawi/current/transcript.json""></script>"
2287,"<script src=""https://mgybenoop5mbek0c.public.blob.vercel-storage.com/wah-take.js"" data-transcript=""https://mgybenoop5mbek0c.public.blob.vercel-storage.com/takes/four-seasons-seychelles/current/transcript.json""></script>"
3069,"<script src=""https://mgybenoop5mbek0c.public.blob.vercel-storage.com/wah-take.js"" data-transcript=""https://mgybenoop5mbek0c.public.blob.vercel-storage.com/takes/four-seasons-bogota/current/transcript.json""></script>"
1789,"<script src=""https://mgybenoop5mbek0c.public.blob.vercel-storage.com/wah-take.js"" data-transcript=""https://mgybenoop5mbek0c.public.blob.vercel-storage.com/takes/four-seasons-tokyo-marunouchi/current/transcript.json""></script>"
2280,"<script src=""https://mgybenoop5mbek0c.public.blob.vercel-storage.com/wah-take.js"" data-transcript=""https://mgybenoop5mbek0c.public.blob.vercel-storage.com/takes/four-seasons-bora-bora/current/transcript.json""></script>"
1325,"<script src=""https://mgybenoop5mbek0c.public.blob.vercel-storage.com/wah-take.js"" data-transcript=""https://mgybenoop5mbek0c.public.blob.vercel-storage.com/takes/four-seasons-jackson-hole/current/transcript.json""></script>"
3359,"<script src=""https://mgybenoop5mbek0c.public.blob.vercel-storage.com/wah-take.js"" data-transcript=""https://mgybenoop5mbek0c.public.blob.vercel-storage.com/takes/four-seasons-taormina-san-domenico/current/transcript.json""></script>"
6553,"<script src=""https://mgybenoop5mbek0c.public.blob.vercel-storage.com/wah-take.js"" data-transcript=""https://mgybenoop5mbek0c.public.blob.vercel-storage.com/takes/four-seasons-rabat/current/transcript.json""></script>"
4745,"<script src=""https://mgybenoop5mbek0c.public.blob.vercel-storage.com/wah-take.js"" data-transcript=""https://mgybenoop5mbek0c.public.blob.vercel-storage.com/takes/four-seasons-new-orleans/current/transcript.json""></script>"
1419,"<script src=""https://mgybenoop5mbek0c.public.blob.vercel-storage.com/wah-take.js"" data-transcript=""https://mgybenoop5mbek0c.public.blob.vercel-storage.com/takes/four-seasons-lanai/current/transcript.json""></script>"
3614,"<script src=""https://mgybenoop5mbek0c.public.blob.vercel-storage.com/wah-take.js"" data-transcript=""https://mgybenoop5mbek0c.public.blob.vercel-storage.com/takes/four-seasons-los-cabos-costa-palmas/current/transcript.json""></script>"
2093,"<script src=""https://mgybenoop5mbek0c.public.blob.vercel-storage.com/wah-take.js"" data-transcript=""https://mgybenoop5mbek0c.public.blob.vercel-storage.com/takes/four-seasons-santa-fe-rancho-encantado/current/transcript.json""></script>"
1422,"<script src=""https://mgybenoop5mbek0c.public.blob.vercel-storage.com/wah-take.js"" data-transcript=""https://mgybenoop5mbek0c.public.blob.vercel-storage.com/takes/four-seasons-nevis/current/transcript.json""></script>"
6665,"<script src=""https://mgybenoop5mbek0c.public.blob.vercel-storage.com/wah-take.js"" data-transcript=""https://mgybenoop5mbek0c.public.blob.vercel-storage.com/takes/four-seasons-osaka/current/transcript.json""></script>"
1849,"<script src=""https://mgybenoop5mbek0c.public.blob.vercel-storage.com/wah-take.js"" data-transcript=""https://mgybenoop5mbek0c.public.blob.vercel-storage.com/takes/four-seasons-maldives-kuda-huraa/current/transcript.json""></script>"
3288,"<script src=""https://mgybenoop5mbek0c.public.blob.vercel-storage.com/wah-take.js"" data-transcript=""https://mgybenoop5mbek0c.public.blob.vercel-storage.com/takes/four-seasons-megeve/current/transcript.json""></script>"
5035,"<script src=""https://mgybenoop5mbek0c.public.blob.vercel-storage.com/wah-take.js"" data-transcript=""https://mgybenoop5mbek0c.public.blob.vercel-storage.com/takes/four-seasons-fort-lauderdale/current/transcript.json""></script>"
6436,"<script src=""https://mgybenoop5mbek0c.public.blob.vercel-storage.com/wah-take.js"" data-transcript=""https://mgybenoop5mbek0c.public.blob.vercel-storage.com/takes/four-seasons-doha-pearl-qatar/current/transcript.json""></script>"
4746,"<script src=""https://mgybenoop5mbek0c.public.blob.vercel-storage.com/wah-take.js"" data-transcript=""https://mgybenoop5mbek0c.public.blob.vercel-storage.com/takes/four-seasons-tamarindo/current/transcript.json""></script>"
6089,"<script src=""https://mgybenoop5mbek0c.public.blob.vercel-storage.com/wah-take.js"" data-transcript=""https://mgybenoop5mbek0c.public.blob.vercel-storage.com/takes/four-seasons-minneapolis/current/transcript.json""></script>"
2594,"<script src=""https://mgybenoop5mbek0c.public.blob.vercel-storage.com/wah-take.js"" data-transcript=""https://mgybenoop5mbek0c.public.blob.vercel-storage.com/takes/four-seasons-guangzhou/current/transcript.json""></script>"
4076,"<script src=""https://mgybenoop5mbek0c.public.blob.vercel-storage.com/wah-take.js"" data-transcript=""https://mgybenoop5mbek0c.public.blob.vercel-storage.com/takes/four-seasons-san-francisco-embarcadero/current/transcript.json""></script>"
3701,"<script src=""https://mgybenoop5mbek0c.public.blob.vercel-storage.com/wah-take.js"" data-transcript=""https://mgybenoop5mbek0c.public.blob.vercel-storage.com/takes/four-seasons-one-dalton-street/current/transcript.json""></script>"
1850,"<script src=""https://mgybenoop5mbek0c.public.blob.vercel-storage.com/wah-take.js"" data-transcript=""https://mgybenoop5mbek0c.public.blob.vercel-storage.com/takes/four-seasons-maldives-landaa-giraavaru/current/transcript.json""></script>"
6104,"<script src=""https://mgybenoop5mbek0c.public.blob.vercel-storage.com/wah-take.js"" data-transcript=""https://mgybenoop5mbek0c.public.blob.vercel-storage.com/takes/four-seasons-nashville/current/transcript.json""></script>"
2642,"<script src=""https://mgybenoop5mbek0c.public.blob.vercel-storage.com/wah-take.js"" data-transcript=""https://mgybenoop5mbek0c.public.blob.vercel-storage.com/takes/four-seasons-beijing/current/transcript.json""></script>"
2721,"<script src=""https://mgybenoop5mbek0c.public.blob.vercel-storage.com/wah-take.js"" data-transcript=""https://mgybenoop5mbek0c.public.blob.vercel-storage.com/takes/four-seasons-shenzhen/current/transcript.json""></script>"
3289,"<script src=""https://mgybenoop5mbek0c.public.blob.vercel-storage.com/wah-take.js"" data-transcript=""https://mgybenoop5mbek0c.public.blob.vercel-storage.com/takes/four-seasons-seychelles-desroches/current/transcript.json""></script>"
6554,"<script src=""https://mgybenoop5mbek0c.public.blob.vercel-storage.com/wah-take.js"" data-transcript=""https://mgybenoop5mbek0c.public.blob.vercel-storage.com/takes/four-seasons-cabo-del-sol/current/transcript.json""></script>"
928,"<script src=""https://mgybenoop5mbek0c.public.blob.vercel-storage.com/wah-take.js"" data-transcript=""https://mgybenoop5mbek0c.public.blob.vercel-storage.com/takes/four-seasons-hangzhou/current/transcript.json""></script>"
7084,"<script src=""https://mgybenoop5mbek0c.public.blob.vercel-storage.com/wah-take.js"" data-transcript=""https://mgybenoop5mbek0c.public.blob.vercel-storage.com/takes/four-seasons-red-sea/current/transcript.json""></script>"
6868,"<script src=""https://mgybenoop5mbek0c.public.blob.vercel-storage.com/wah-take.js"" data-transcript=""https://mgybenoop5mbek0c.public.blob.vercel-storage.com/takes/four-seasons-cartagena/current/transcript.json""></script>"
6103,"<script src=""https://mgybenoop5mbek0c.public.blob.vercel-storage.com/wah-take.js"" data-transcript=""https://mgybenoop5mbek0c.public.blob.vercel-storage.com/takes/four-seasons-naviva-punta-mita/current/transcript.json""></script>"
7082,"<script src=""https://mgybenoop5mbek0c.public.blob.vercel-storage.com/wah-take.js"" data-transcript=""https://mgybenoop5mbek0c.public.blob.vercel-storage.com/takes/four-seasons-amaala/current/transcript.json""></script>"
6552,"<script src=""https://mgybenoop5mbek0c.public.blob.vercel-storage.com/wah-take.js"" data-transcript=""https://mgybenoop5mbek0c.public.blob.vercel-storage.com/takes/four-seasons-suzhou/current/transcript.json""></script>"
6591,"<script src=""https://mgybenoop5mbek0c.public.blob.vercel-storage.com/wah-take.js"" data-transcript=""https://mgybenoop5mbek0c.public.blob.vercel-storage.com/takes/four-seasons-dalian/current/transcript.json""></script>"
4747,"<script src=""https://mgybenoop5mbek0c.public.blob.vercel-storage.com/wah-take.js"" data-transcript=""https://mgybenoop5mbek0c.public.blob.vercel-storage.com/takes/four-seasons-macau-grand-suites/current/transcript.json""></script>"
6869,"<script src=""https://mgybenoop5mbek0c.public.blob.vercel-storage.com/wah-take.js"" data-transcript=""https://mgybenoop5mbek0c.public.blob.vercel-storage.com/takes/four-seasons-puerto-rico/current/transcript.json""></script>"
