"Hotel ID","Snippet"
"2226","<script src=""https://mgybenoop5mbek0c.public.blob.vercel-storage.com/wah-take.js"" data-transcript=""https://mgybenoop5mbek0c.public.blob.vercel-storage.com/takes/mandarin-oriental-boston/current/transcript.json""></script>"
"1323","<script src=""https://mgybenoop5mbek0c.public.blob.vercel-storage.com/wah-take.js"" data-transcript=""https://mgybenoop5mbek0c.public.blob.vercel-storage.com/takes/mandarin-oriental-new-york/current/transcript.json""></script>"
"6938","<script src=""https://mgybenoop5mbek0c.public.blob.vercel-storage.com/wah-take.js"" data-transcript=""https://mgybenoop5mbek0c.public.blob.vercel-storage.com/takes/mandarin-oriental-vienna/current/transcript.json""></script>"
"2044","<script src=""https://mgybenoop5mbek0c.public.blob.vercel-storage.com/wah-take.js"" data-transcript=""https://mgybenoop5mbek0c.public.blob.vercel-storage.com/takes/mandarin-oriental-santiago/current/transcript.json""></script>"
"7048","<script src=""https://mgybenoop5mbek0c.public.blob.vercel-storage.com/wah-take.js"" data-transcript=""https://mgybenoop5mbek0c.public.blob.vercel-storage.com/takes/mandarin-oriental-beijing-qianmen/current/transcript.json""></script>"
"6197","<script src=""https://mgybenoop5mbek0c.public.blob.vercel-storage.com/wah-take.js"" data-transcript=""https://mgybenoop5mbek0c.public.blob.vercel-storage.com/takes/mandarin-oriental-guangzhou/current/transcript.json""></script>"
"6195","<script src=""https://mgybenoop5mbek0c.public.blob.vercel-storage.com/wah-take.js"" data-transcript=""https://mgybenoop5mbek0c.public.blob.vercel-storage.com/takes/mandarin-oriental-pudong-shanghai/current/transcript.json""></script>"
"7049","<script src=""https://mgybenoop5mbek0c.public.blob.vercel-storage.com/wah-take.js"" data-transcript=""https://mgybenoop5mbek0c.public.blob.vercel-storage.com/takes/mandarin-oriental-shenzhen/current/transcript.json""></script>"
"6196","<script src=""https://mgybenoop5mbek0c.public.blob.vercel-storage.com/wah-take.js"" data-transcript=""https://mgybenoop5mbek0c.public.blob.vercel-storage.com/takes/mandarin-oriental-wangfujing-beijing/current/transcript.json""></script>"
"2469","<script src=""https://mgybenoop5mbek0c.public.blob.vercel-storage.com/wah-take.js"" data-transcript=""https://mgybenoop5mbek0c.public.blob.vercel-storage.com/takes/mandarin-oriental-macau/current/transcript.json""></script>"
"6206","<script src=""https://mgybenoop5mbek0c.public.blob.vercel-storage.com/wah-take.js"" data-transcript=""https://mgybenoop5mbek0c.public.blob.vercel-storage.com/takes/mandarin-oriental-sanya/current/transcript.json""></script>"
"1654","<script src=""https://mgybenoop5mbek0c.public.blob.vercel-storage.com/wah-take.js"" data-transcript=""https://mgybenoop5mbek0c.public.blob.vercel-storage.com/takes/mandarin-oriental-landmark/current/transcript.json""></script>"
"1671","<script src=""https://mgybenoop5mbek0c.public.blob.vercel-storage.com/wah-take.js"" data-transcript=""https://mgybenoop5mbek0c.public.blob.vercel-storage.com/takes/mandarin-oriental-prague/current/transcript.json""></script>"
"1006","<script src=""https://mgybenoop5mbek0c.public.blob.vercel-storage.com/wah-take.js"" data-transcript=""https://mgybenoop5mbek0c.public.blob.vercel-storage.com/takes/mandarin-oriental-lutetia-paris/current/transcript.json""></script>"
"2525","<script src=""https://mgybenoop5mbek0c.public.blob.vercel-storage.com/wah-take.js"" data-transcript=""https://mgybenoop5mbek0c.public.blob.vercel-storage.com/takes/mandarin-oriental-paris/current/transcript.json""></script>"
"1435","<script src=""https://mgybenoop5mbek0c.public.blob.vercel-storage.com/wah-take.js"" data-transcript=""https://mgybenoop5mbek0c.public.blob.vercel-storage.com/takes/mandarin-oriental-munich/current/transcript.json""></script>"
"6543","<script src=""https://mgybenoop5mbek0c.public.blob.vercel-storage.com/wah-take.js"" data-transcript=""https://mgybenoop5mbek0c.public.blob.vercel-storage.com/takes/mandarin-oriental-costa-navarino/current/transcript.json""></script>"
"6205","<script src=""https://mgybenoop5mbek0c.public.blob.vercel-storage.com/wah-take.js"" data-transcript=""https://mgybenoop5mbek0c.public.blob.vercel-storage.com/takes/mandarin-oriental-jakarta/current/transcript.json""></script>"
"2979","<script src=""https://mgybenoop5mbek0c.public.blob.vercel-storage.com/wah-take.js"" data-transcript=""https://mgybenoop5mbek0c.public.blob.vercel-storage.com/takes/mandarin-oriental-milan/current/transcript.json""></script>"
"3705","<script src=""https://mgybenoop5mbek0c.public.blob.vercel-storage.com/wah-take.js"" data-transcript=""https://mgybenoop5mbek0c.public.blob.vercel-storage.com/takes/mandarin-oriental-lago-di-como/current/transcript.json""></script>"
"1683","<script src=""https://mgybenoop5mbek0c.public.blob.vercel-storage.com/wah-take.js"" data-transcript=""https://mgybenoop5mbek0c.public.blob.vercel-storage.com/takes/mandarin-oriental-tokyo/current/transcript.json""></script>"
"7047","<script src=""https://mgybenoop5mbek0c.public.blob.vercel-storage.com/wah-take.js"" data-transcript=""https://mgybenoop5mbek0c.public.blob.vercel-storage.com/takes/mandarin-oriental-desaru-coast/current/transcript.json""></script>"
"1903","<script src=""https://mgybenoop5mbek0c.public.blob.vercel-storage.com/wah-take.js"" data-transcript=""https://mgybenoop5mbek0c.public.blob.vercel-storage.com/takes/mandarin-oriental-kuala-lumpur/current/transcript.json""></script>"
"6194","<script src=""https://mgybenoop5mbek0c.public.blob.vercel-storage.com/wah-take.js"" data-transcript=""https://mgybenoop5mbek0c.public.blob.vercel-storage.com/takes/mandarin-oriental-marrakech/current/transcript.json""></script>"
"2772","<script src=""https://mgybenoop5mbek0c.public.blob.vercel-storage.com/wah-take.js"" data-transcript=""https://mgybenoop5mbek0c.public.blob.vercel-storage.com/takes/mandarin-oriental-conservatorium/current/transcript.json""></script>"
"6736","<script src=""https://mgybenoop5mbek0c.public.blob.vercel-storage.com/wah-take.js"" data-transcript=""https://mgybenoop5mbek0c.public.blob.vercel-storage.com/takes/mandarin-oriental-muscat/current/transcript.json""></script>"
"6203","<script src=""https://mgybenoop5mbek0c.public.blob.vercel-storage.com/wah-take.js"" data-transcript=""https://mgybenoop5mbek0c.public.blob.vercel-storage.com/takes/mandarin-oriental-doha/current/transcript.json""></script>"
"2545","<script src=""https://mgybenoop5mbek0c.public.blob.vercel-storage.com/wah-take.js"" data-transcript=""https://mgybenoop5mbek0c.public.blob.vercel-storage.com/takes/mandarin-oriental-canouan/current/transcript.json""></script>"
"6204","<script src=""https://mgybenoop5mbek0c.public.blob.vercel-storage.com/wah-take.js"" data-transcript=""https://mgybenoop5mbek0c.public.blob.vercel-storage.com/takes/al-faisaliah-hotel/current/transcript.json""></script>"
"6476","<script src=""https://mgybenoop5mbek0c.public.blob.vercel-storage.com/wah-take.js"" data-transcript=""https://mgybenoop5mbek0c.public.blob.vercel-storage.com/takes/mandarin-oriental-singapore/current/transcript.json""></script>"
"2355","<script src=""https://mgybenoop5mbek0c.public.blob.vercel-storage.com/wah-take.js"" data-transcript=""https://mgybenoop5mbek0c.public.blob.vercel-storage.com/takes/mandarin-oriental-barcelona/current/transcript.json""></script>"
"7032","<script src=""https://mgybenoop5mbek0c.public.blob.vercel-storage.com/wah-take.js"" data-transcript=""https://mgybenoop5mbek0c.public.blob.vercel-storage.com/takes/mandarin-oriental-punta-negra-mallorca/current/transcript.json""></script>"
"1074","<script src=""https://mgybenoop5mbek0c.public.blob.vercel-storage.com/wah-take.js"" data-transcript=""https://mgybenoop5mbek0c.public.blob.vercel-storage.com/takes/mandarin-oriental-ritz-madrid/current/transcript.json""></script>"
"6372","<script src=""https://mgybenoop5mbek0c.public.blob.vercel-storage.com/wah-take.js"" data-transcript=""https://mgybenoop5mbek0c.public.blob.vercel-storage.com/takes/mandarin-oriental-palace-luzern/current/transcript.json""></script>"
"6816","<script src=""https://mgybenoop5mbek0c.public.blob.vercel-storage.com/wah-take.js"" data-transcript=""https://mgybenoop5mbek0c.public.blob.vercel-storage.com/takes/mandarin-oriental-savoy-zurich/current/transcript.json""></script>"
"1436","<script src=""https://mgybenoop5mbek0c.public.blob.vercel-storage.com/wah-take.js"" data-transcript=""https://mgybenoop5mbek0c.public.blob.vercel-storage.com/takes/mandarin-oriental-geneva/current/transcript.json""></script>"
"6198","<script src=""https://mgybenoop5mbek0c.public.blob.vercel-storage.com/wah-take.js"" data-transcript=""https://mgybenoop5mbek0c.public.blob.vercel-storage.com/takes/mandarin-oriental-taipei/current/transcript.json""></script>"
"1045","<script src=""https://mgybenoop5mbek0c.public.blob.vercel-storage.com/wah-take.js"" data-transcript=""https://mgybenoop5mbek0c.public.blob.vercel-storage.com/takes/mandarin-oriental-bangkok/current/transcript.json""></script>"
"6092","<script src=""https://mgybenoop5mbek0c.public.blob.vercel-storage.com/wah-take.js"" data-transcript=""https://mgybenoop5mbek0c.public.blob.vercel-storage.com/takes/mandarin-oriental-bodrum/current/transcript.json""></script>"
"6210","<script src=""https://mgybenoop5mbek0c.public.blob.vercel-storage.com/wah-take.js"" data-transcript=""https://mgybenoop5mbek0c.public.blob.vercel-storage.com/takes/mandarin-oriental-istanbul/current/transcript.json""></script>"
"6202","<script src=""https://mgybenoop5mbek0c.public.blob.vercel-storage.com/wah-take.js"" data-transcript=""https://mgybenoop5mbek0c.public.blob.vercel-storage.com/takes/emirates-palace-mandarin-oriental/current/transcript.json""></script>"
"6964","<script src=""https://mgybenoop5mbek0c.public.blob.vercel-storage.com/wah-take.js"" data-transcript=""https://mgybenoop5mbek0c.public.blob.vercel-storage.com/takes/mandarin-oriental-downtown-dubai/current/transcript.json""></script>"
"6201","<script src=""https://mgybenoop5mbek0c.public.blob.vercel-storage.com/wah-take.js"" data-transcript=""https://mgybenoop5mbek0c.public.blob.vercel-storage.com/takes/mandarin-oriental-jumeirah-dubai/current/transcript.json""></script>"
"1104","<script src=""https://mgybenoop5mbek0c.public.blob.vercel-storage.com/wah-take.js"" data-transcript=""https://mgybenoop5mbek0c.public.blob.vercel-storage.com/takes/mandarin-oriental-london/current/transcript.json""></script>"
"7046","<script src=""https://mgybenoop5mbek0c.public.blob.vercel-storage.com/wah-take.js"" data-transcript=""https://mgybenoop5mbek0c.public.blob.vercel-storage.com/takes/mandarin-oriental-mayfair-london/current/transcript.json""></script>"
