"Hotel ID","Hotel name","Snippet"
"2226","Mandarin Oriental Boston","<script src=""https://mgybenoop5mbek0c.public.blob.vercel-storage.com/wah-take.js"" data-transcript=""https://mgybenoop5mbek0c.public.blob.vercel-storage.com/takes/mandarin-oriental-boston/current/transcript.json""></script>"
"1323","Mandarin Oriental, New York","<script src=""https://mgybenoop5mbek0c.public.blob.vercel-storage.com/wah-take.js"" data-transcript=""https://mgybenoop5mbek0c.public.blob.vercel-storage.com/takes/mandarin-oriental-new-york/current/transcript.json""></script>"
"6938","Mandarin Oriental Vienna","<script src=""https://mgybenoop5mbek0c.public.blob.vercel-storage.com/wah-take.js"" data-transcript=""https://mgybenoop5mbek0c.public.blob.vercel-storage.com/takes/mandarin-oriental-vienna/current/transcript.json""></script>"
"2044","Mandarin Oriental, Santiago","<script src=""https://mgybenoop5mbek0c.public.blob.vercel-storage.com/wah-take.js"" data-transcript=""https://mgybenoop5mbek0c.public.blob.vercel-storage.com/takes/mandarin-oriental-santiago/current/transcript.json""></script>"
"7048","Mandarin Oriental Qianmen, Beijing","<script src=""https://mgybenoop5mbek0c.public.blob.vercel-storage.com/wah-take.js"" data-transcript=""https://mgybenoop5mbek0c.public.blob.vercel-storage.com/takes/mandarin-oriental-beijing-qianmen/current/transcript.json""></script>"
"6197","Mandarin Oriental Guangzhou","<script src=""https://mgybenoop5mbek0c.public.blob.vercel-storage.com/wah-take.js"" data-transcript=""https://mgybenoop5mbek0c.public.blob.vercel-storage.com/takes/mandarin-oriental-guangzhou/current/transcript.json""></script>"
"6195","Mandarin Oriental Pudong, Shanghai","<script src=""https://mgybenoop5mbek0c.public.blob.vercel-storage.com/wah-take.js"" data-transcript=""https://mgybenoop5mbek0c.public.blob.vercel-storage.com/takes/mandarin-oriental-pudong-shanghai/current/transcript.json""></script>"
"7049","Mandarin Oriental Shenzhen","<script src=""https://mgybenoop5mbek0c.public.blob.vercel-storage.com/wah-take.js"" data-transcript=""https://mgybenoop5mbek0c.public.blob.vercel-storage.com/takes/mandarin-oriental-shenzhen/current/transcript.json""></script>"
"6196","Mandarin Oriental Wangfujing, Beijing","<script src=""https://mgybenoop5mbek0c.public.blob.vercel-storage.com/wah-take.js"" data-transcript=""https://mgybenoop5mbek0c.public.blob.vercel-storage.com/takes/mandarin-oriental-wangfujing-beijing/current/transcript.json""></script>"
"2469","Mandarin Oriental, Macau","<script src=""https://mgybenoop5mbek0c.public.blob.vercel-storage.com/wah-take.js"" data-transcript=""https://mgybenoop5mbek0c.public.blob.vercel-storage.com/takes/mandarin-oriental-macau/current/transcript.json""></script>"
"6206","Mandarin Oriental, Sanya","<script src=""https://mgybenoop5mbek0c.public.blob.vercel-storage.com/wah-take.js"" data-transcript=""https://mgybenoop5mbek0c.public.blob.vercel-storage.com/takes/mandarin-oriental-sanya/current/transcript.json""></script>"
"1654","The Landmark Mandarin Oriental","<script src=""https://mgybenoop5mbek0c.public.blob.vercel-storage.com/wah-take.js"" data-transcript=""https://mgybenoop5mbek0c.public.blob.vercel-storage.com/takes/mandarin-oriental-landmark/current/transcript.json""></script>"
"1671","Mandarin Oriental, Prague","<script src=""https://mgybenoop5mbek0c.public.blob.vercel-storage.com/wah-take.js"" data-transcript=""https://mgybenoop5mbek0c.public.blob.vercel-storage.com/takes/mandarin-oriental-prague/current/transcript.json""></script>"
"1006","Mandarin Oriental Lutetia Paris","<script src=""https://mgybenoop5mbek0c.public.blob.vercel-storage.com/wah-take.js"" data-transcript=""https://mgybenoop5mbek0c.public.blob.vercel-storage.com/takes/mandarin-oriental-lutetia-paris/current/transcript.json""></script>"
"2525","Mandarin Oriental, Paris","<script src=""https://mgybenoop5mbek0c.public.blob.vercel-storage.com/wah-take.js"" data-transcript=""https://mgybenoop5mbek0c.public.blob.vercel-storage.com/takes/mandarin-oriental-paris/current/transcript.json""></script>"
"1435","Mandarin Oriental, Munich","<script src=""https://mgybenoop5mbek0c.public.blob.vercel-storage.com/wah-take.js"" data-transcript=""https://mgybenoop5mbek0c.public.blob.vercel-storage.com/takes/mandarin-oriental-munich/current/transcript.json""></script>"
"6543","Mandarin Oriental, Costa Navarino","<script src=""https://mgybenoop5mbek0c.public.blob.vercel-storage.com/wah-take.js"" data-transcript=""https://mgybenoop5mbek0c.public.blob.vercel-storage.com/takes/mandarin-oriental-costa-navarino/current/transcript.json""></script>"
"6205","Mandarin Oriental, Jakarta","<script src=""https://mgybenoop5mbek0c.public.blob.vercel-storage.com/wah-take.js"" data-transcript=""https://mgybenoop5mbek0c.public.blob.vercel-storage.com/takes/mandarin-oriental-jakarta/current/transcript.json""></script>"
"2979","Mandarin Oriental, Milan","<script src=""https://mgybenoop5mbek0c.public.blob.vercel-storage.com/wah-take.js"" data-transcript=""https://mgybenoop5mbek0c.public.blob.vercel-storage.com/takes/mandarin-oriental-milan/current/transcript.json""></script>"
"3705","Mandarin Oriental, Lago di Como","<script src=""https://mgybenoop5mbek0c.public.blob.vercel-storage.com/wah-take.js"" data-transcript=""https://mgybenoop5mbek0c.public.blob.vercel-storage.com/takes/mandarin-oriental-lago-di-como/current/transcript.json""></script>"
"1683","Mandarin Oriental, Tokyo","<script src=""https://mgybenoop5mbek0c.public.blob.vercel-storage.com/wah-take.js"" data-transcript=""https://mgybenoop5mbek0c.public.blob.vercel-storage.com/takes/mandarin-oriental-tokyo/current/transcript.json""></script>"
"7047","Mandarin Oriental, Desaru Coast","<script src=""https://mgybenoop5mbek0c.public.blob.vercel-storage.com/wah-take.js"" data-transcript=""https://mgybenoop5mbek0c.public.blob.vercel-storage.com/takes/mandarin-oriental-desaru-coast/current/transcript.json""></script>"
"1903","Mandarin Oriental, Kuala Lumpur","<script src=""https://mgybenoop5mbek0c.public.blob.vercel-storage.com/wah-take.js"" data-transcript=""https://mgybenoop5mbek0c.public.blob.vercel-storage.com/takes/mandarin-oriental-kuala-lumpur/current/transcript.json""></script>"
"6194","Mandarin Oriental, Marrakech","<script src=""https://mgybenoop5mbek0c.public.blob.vercel-storage.com/wah-take.js"" data-transcript=""https://mgybenoop5mbek0c.public.blob.vercel-storage.com/takes/mandarin-oriental-marrakech/current/transcript.json""></script>"
"2772","Mandarin Oriental Conservatorium, Amsterdam","<script src=""https://mgybenoop5mbek0c.public.blob.vercel-storage.com/wah-take.js"" data-transcript=""https://mgybenoop5mbek0c.public.blob.vercel-storage.com/takes/mandarin-oriental-conservatorium/current/transcript.json""></script>"
"6736","Mandarin Oriental, Muscat","<script src=""https://mgybenoop5mbek0c.public.blob.vercel-storage.com/wah-take.js"" data-transcript=""https://mgybenoop5mbek0c.public.blob.vercel-storage.com/takes/mandarin-oriental-muscat/current/transcript.json""></script>"
"6203","Mandarin Oriental, Doha","<script src=""https://mgybenoop5mbek0c.public.blob.vercel-storage.com/wah-take.js"" data-transcript=""https://mgybenoop5mbek0c.public.blob.vercel-storage.com/takes/mandarin-oriental-doha/current/transcript.json""></script>"
"2545","Mandarin Oriental, Canouan","<script src=""https://mgybenoop5mbek0c.public.blob.vercel-storage.com/wah-take.js"" data-transcript=""https://mgybenoop5mbek0c.public.blob.vercel-storage.com/takes/mandarin-oriental-canouan/current/transcript.json""></script>"
"6204","Mandarin Oriental Al Faisaliah, Riyadh","<script src=""https://mgybenoop5mbek0c.public.blob.vercel-storage.com/wah-take.js"" data-transcript=""https://mgybenoop5mbek0c.public.blob.vercel-storage.com/takes/al-faisaliah-hotel/current/transcript.json""></script>"
"6476","Mandarin Oriental, Singapore","<script src=""https://mgybenoop5mbek0c.public.blob.vercel-storage.com/wah-take.js"" data-transcript=""https://mgybenoop5mbek0c.public.blob.vercel-storage.com/takes/mandarin-oriental-singapore/current/transcript.json""></script>"
"2355","Mandarin Oriental, Barcelona","<script src=""https://mgybenoop5mbek0c.public.blob.vercel-storage.com/wah-take.js"" data-transcript=""https://mgybenoop5mbek0c.public.blob.vercel-storage.com/takes/mandarin-oriental-barcelona/current/transcript.json""></script>"
"7032","Mandarin Oriental Punta Negra, Mallorca","<script src=""https://mgybenoop5mbek0c.public.blob.vercel-storage.com/wah-take.js"" data-transcript=""https://mgybenoop5mbek0c.public.blob.vercel-storage.com/takes/mandarin-oriental-punta-negra-mallorca/current/transcript.json""></script>"
"1074","Mandarin Oriental Ritz, Madrid","<script src=""https://mgybenoop5mbek0c.public.blob.vercel-storage.com/wah-take.js"" data-transcript=""https://mgybenoop5mbek0c.public.blob.vercel-storage.com/takes/mandarin-oriental-ritz-madrid/current/transcript.json""></script>"
"6372","Mandarin Oriental Palace, Luzern","<script src=""https://mgybenoop5mbek0c.public.blob.vercel-storage.com/wah-take.js"" data-transcript=""https://mgybenoop5mbek0c.public.blob.vercel-storage.com/takes/mandarin-oriental-palace-luzern/current/transcript.json""></script>"
"6816","Mandarin Oriental Savoy, Zurich","<script src=""https://mgybenoop5mbek0c.public.blob.vercel-storage.com/wah-take.js"" data-transcript=""https://mgybenoop5mbek0c.public.blob.vercel-storage.com/takes/mandarin-oriental-savoy-zurich/current/transcript.json""></script>"
"1436","Mandarin Oriental, Geneva","<script src=""https://mgybenoop5mbek0c.public.blob.vercel-storage.com/wah-take.js"" data-transcript=""https://mgybenoop5mbek0c.public.blob.vercel-storage.com/takes/mandarin-oriental-geneva/current/transcript.json""></script>"
"6198","Mandarin Oriental, Taipei","<script src=""https://mgybenoop5mbek0c.public.blob.vercel-storage.com/wah-take.js"" data-transcript=""https://mgybenoop5mbek0c.public.blob.vercel-storage.com/takes/mandarin-oriental-taipei/current/transcript.json""></script>"
"1045","Mandarin Oriental, Bangkok","<script src=""https://mgybenoop5mbek0c.public.blob.vercel-storage.com/wah-take.js"" data-transcript=""https://mgybenoop5mbek0c.public.blob.vercel-storage.com/takes/mandarin-oriental-bangkok/current/transcript.json""></script>"
"6092","Mandarin Oriental, Bodrum","<script src=""https://mgybenoop5mbek0c.public.blob.vercel-storage.com/wah-take.js"" data-transcript=""https://mgybenoop5mbek0c.public.blob.vercel-storage.com/takes/mandarin-oriental-bodrum/current/transcript.json""></script>"
"6210","Mandarin Oriental Istanbul","<script src=""https://mgybenoop5mbek0c.public.blob.vercel-storage.com/wah-take.js"" data-transcript=""https://mgybenoop5mbek0c.public.blob.vercel-storage.com/takes/mandarin-oriental-istanbul/current/transcript.json""></script>"
"6202","Emirates Palace Mandarin Oriental, Abu Dhabi","<script src=""https://mgybenoop5mbek0c.public.blob.vercel-storage.com/wah-take.js"" data-transcript=""https://mgybenoop5mbek0c.public.blob.vercel-storage.com/takes/emirates-palace-mandarin-oriental/current/transcript.json""></script>"
"6964","Mandarin Oriental Downtown, Dubai","<script src=""https://mgybenoop5mbek0c.public.blob.vercel-storage.com/wah-take.js"" data-transcript=""https://mgybenoop5mbek0c.public.blob.vercel-storage.com/takes/mandarin-oriental-downtown-dubai/current/transcript.json""></script>"
"6201","Mandarin Oriental Jumeirah, Dubai","<script src=""https://mgybenoop5mbek0c.public.blob.vercel-storage.com/wah-take.js"" data-transcript=""https://mgybenoop5mbek0c.public.blob.vercel-storage.com/takes/mandarin-oriental-jumeirah-dubai/current/transcript.json""></script>"
"1104","Mandarin Oriental Hyde Park, London","<script src=""https://mgybenoop5mbek0c.public.blob.vercel-storage.com/wah-take.js"" data-transcript=""https://mgybenoop5mbek0c.public.blob.vercel-storage.com/takes/mandarin-oriental-london/current/transcript.json""></script>"
"7046","Mandarin Oriental Mayfair, London","<script src=""https://mgybenoop5mbek0c.public.blob.vercel-storage.com/wah-take.js"" data-transcript=""https://mgybenoop5mbek0c.public.blob.vercel-storage.com/takes/mandarin-oriental-mayfair-london/current/transcript.json""></script>"
"949","Mandarin Oriental, Hong Kong","<script src=""https://mgybenoop5mbek0c.public.blob.vercel-storage.com/wah-take.js"" data-transcript=""https://mgybenoop5mbek0c.public.blob.vercel-storage.com/takes/mandarin-oriental-hong-kong/current/transcript.json""></script>"
