"Hotel ID","Hotel name","Snippet"
"1587","Ritz Carlton Atlanta","<script src=""https://mgybenoop5mbek0c.public.blob.vercel-storage.com/wah-take.js"" data-transcript=""https://mgybenoop5mbek0c.public.blob.vercel-storage.com/takes/ritz-carlton-atlanta/current/transcript.json""></script>"
"2446","The Ritz Carlton Charlotte","<script src=""https://mgybenoop5mbek0c.public.blob.vercel-storage.com/wah-take.js"" data-transcript=""https://mgybenoop5mbek0c.public.blob.vercel-storage.com/takes/ritz-carlton-charlotte/current/transcript.json""></script>"
"2664","The Ritz-Carlton, Vienna","<script src=""https://mgybenoop5mbek0c.public.blob.vercel-storage.com/wah-take.js"" data-transcript=""https://mgybenoop5mbek0c.public.blob.vercel-storage.com/takes/ritz-carlton-vienna/current/transcript.json""></script>"
"3884","The Ritz Carlton Haikou","<script src=""https://mgybenoop5mbek0c.public.blob.vercel-storage.com/wah-take.js"" data-transcript=""https://mgybenoop5mbek0c.public.blob.vercel-storage.com/takes/ritz-carlton-haikou/current/transcript.json""></script>"
"6781","Nekajui, A Ritz Carlton Reserve","<script src=""https://mgybenoop5mbek0c.public.blob.vercel-storage.com/wah-take.js"" data-transcript=""https://mgybenoop5mbek0c.public.blob.vercel-storage.com/takes/nekajui-a-ritz-carlton-reserve/current/transcript.json""></script>"
"2935","The Ritz-Carlton, Herzliya","<script src=""https://mgybenoop5mbek0c.public.blob.vercel-storage.com/wah-take.js"" data-transcript=""https://mgybenoop5mbek0c.public.blob.vercel-storage.com/takes/ritz-carlton-herzliya/current/transcript.json""></script>"
"3486","The Ritz-Carlton Langkawi","<script src=""https://mgybenoop5mbek0c.public.blob.vercel-storage.com/wah-take.js"" data-transcript=""https://mgybenoop5mbek0c.public.blob.vercel-storage.com/takes/ritz-carlton-langkawi/current/transcript.json""></script>"
"6669","Nujuma, a Ritz-Carlton Reserve","<script src=""https://mgybenoop5mbek0c.public.blob.vercel-storage.com/wah-take.js"" data-transcript=""https://mgybenoop5mbek0c.public.blob.vercel-storage.com/takes/nujuma-a-ritz-carlton-reserve/current/transcript.json""></script>"
"2938","Ritz-Carlton, Dubai Intl Financial Centre","<script src=""https://mgybenoop5mbek0c.public.blob.vercel-storage.com/wah-take.js"" data-transcript=""https://mgybenoop5mbek0c.public.blob.vercel-storage.com/takes/ritz-carlton-dubai-intl-financial-centre/current/transcript.json""></script>"
"2402","The Ritz-Carlton, Lake Tahoe","<script src=""https://mgybenoop5mbek0c.public.blob.vercel-storage.com/wah-take.js"" data-transcript=""https://mgybenoop5mbek0c.public.blob.vercel-storage.com/takes/ritz-carlton-lake-tahoe/current/transcript.json""></script>"
"1286","Ritz Carlton Orlando, Grande Lakes","<script src=""https://mgybenoop5mbek0c.public.blob.vercel-storage.com/wah-take.js"" data-transcript=""https://mgybenoop5mbek0c.public.blob.vercel-storage.com/takes/ritz-carlton-orlando-grande-lakes/current/transcript.json""></script>"
"3505","The Ritz-Carlton Reynolds, Lake Oconee","<script src=""https://mgybenoop5mbek0c.public.blob.vercel-storage.com/wah-take.js"" data-transcript=""https://mgybenoop5mbek0c.public.blob.vercel-storage.com/takes/ritz-carlton-reynolds-lake-oconee/current/transcript.json""></script>"
"1600","The Ritz Carlton, Cleveland","<script src=""https://mgybenoop5mbek0c.public.blob.vercel-storage.com/wah-take.js"" data-transcript=""https://mgybenoop5mbek0c.public.blob.vercel-storage.com/takes/ritz-carlton-cleveland/current/transcript.json""></script>"
"6679","Ritz Carlton Baku","<script src=""https://mgybenoop5mbek0c.public.blob.vercel-storage.com/wah-take.js"" data-transcript=""https://mgybenoop5mbek0c.public.blob.vercel-storage.com/takes/ritz-carlton-baku/current/transcript.json""></script>"
"2449","The Ritz Carlton, Sanya","<script src=""https://mgybenoop5mbek0c.public.blob.vercel-storage.com/wah-take.js"" data-transcript=""https://mgybenoop5mbek0c.public.blob.vercel-storage.com/takes/ritz-carlton-sanya/current/transcript.json""></script>"
"3218","The Nile Ritz Carlton, Cairo","<script src=""https://mgybenoop5mbek0c.public.blob.vercel-storage.com/wah-take.js"" data-transcript=""https://mgybenoop5mbek0c.public.blob.vercel-storage.com/takes/nile-ritz-carlton-cairo/current/transcript.json""></script>"
"7060","Higashiyama Niseko Village, a Ritz Carlton Reserve","<script src=""https://mgybenoop5mbek0c.public.blob.vercel-storage.com/wah-take.js"" data-transcript=""https://mgybenoop5mbek0c.public.blob.vercel-storage.com/takes/higashiyama-niseko-village-a-ritz-carlton-reserve/current/transcript.json""></script>"
"6766","Ritz-Carlton Maldives, Fari Islands","<script src=""https://mgybenoop5mbek0c.public.blob.vercel-storage.com/wah-take.js"" data-transcript=""https://mgybenoop5mbek0c.public.blob.vercel-storage.com/takes/ritz-carlton-maldives-fari-islands/current/transcript.json""></script>"
"3491","The Ritz-Carlton Jeddah","<script src=""https://mgybenoop5mbek0c.public.blob.vercel-storage.com/wah-take.js"" data-transcript=""https://mgybenoop5mbek0c.public.blob.vercel-storage.com/takes/ritz-carlton-jeddah/current/transcript.json""></script>"
"3881","The Ritz Carlton Al Wadi Desert","<script src=""https://mgybenoop5mbek0c.public.blob.vercel-storage.com/wah-take.js"" data-transcript=""https://mgybenoop5mbek0c.public.blob.vercel-storage.com/takes/ritz-carlton-al-wadi-desert/current/transcript.json""></script>"
"2923","The Ritz-Carlton, Los Angeles","<script src=""https://mgybenoop5mbek0c.public.blob.vercel-storage.com/wah-take.js"" data-transcript=""https://mgybenoop5mbek0c.public.blob.vercel-storage.com/takes/ritz-carlton-los-angeles/current/transcript.json""></script>"
"1434","Ritz-Carlton Naples","<script src=""https://mgybenoop5mbek0c.public.blob.vercel-storage.com/wah-take.js"" data-transcript=""https://mgybenoop5mbek0c.public.blob.vercel-storage.com/takes/ritz-carlton-naples/current/transcript.json""></script>"
"2141","Ritz Carlton Oahu, Turtle Bay","<script src=""https://mgybenoop5mbek0c.public.blob.vercel-storage.com/wah-take.js"" data-transcript=""https://mgybenoop5mbek0c.public.blob.vercel-storage.com/takes/ritz-carlton-oahu-turtle-bay/current/transcript.json""></script>"
"6434","The Ritz-Carlton, Portland","<script src=""https://mgybenoop5mbek0c.public.blob.vercel-storage.com/wah-take.js"" data-transcript=""https://mgybenoop5mbek0c.public.blob.vercel-storage.com/takes/ritz-carlton-portland/current/transcript.json""></script>"
"1627","The Ritz Carlton Bahrain Hotel & Spa","<script src=""https://mgybenoop5mbek0c.public.blob.vercel-storage.com/wah-take.js"" data-transcript=""https://mgybenoop5mbek0c.public.blob.vercel-storage.com/takes/ritz-carlton-bahrain-hotel-spa/current/transcript.json""></script>"
"2448","The Ritz-Carlton Shanghai, Pudong","<script src=""https://mgybenoop5mbek0c.public.blob.vercel-storage.com/wah-take.js"" data-transcript=""https://mgybenoop5mbek0c.public.blob.vercel-storage.com/takes/ritz-carlton-shanghai-pudong/current/transcript.json""></script>"
"1412","The Ritz Carlton, Berlin","<script src=""https://mgybenoop5mbek0c.public.blob.vercel-storage.com/wah-take.js"" data-transcript=""https://mgybenoop5mbek0c.public.blob.vercel-storage.com/takes/ritz-carlton-berlin/current/transcript.json""></script>"
"1852","The Ritz Carlton Tokyo","<script src=""https://mgybenoop5mbek0c.public.blob.vercel-storage.com/wah-take.js"" data-transcript=""https://mgybenoop5mbek0c.public.blob.vercel-storage.com/takes/ritz-carlton-tokyo/current/transcript.json""></script>"
"7083","Siari, a Ritz-Carlton Reserve","<script src=""https://mgybenoop5mbek0c.public.blob.vercel-storage.com/wah-take.js"" data-transcript=""https://mgybenoop5mbek0c.public.blob.vercel-storage.com/takes/siari-a-ritz-carlton-reserve/current/transcript.json""></script>"
"2937","The Ritz-Carlton, Riyadh Palace","<script src=""https://mgybenoop5mbek0c.public.blob.vercel-storage.com/wah-take.js"" data-transcript=""https://mgybenoop5mbek0c.public.blob.vercel-storage.com/takes/ritz-carlton-riyadh-palace/current/transcript.json""></script>"
"1631","The Ritz Carlton Dubai","<script src=""https://mgybenoop5mbek0c.public.blob.vercel-storage.com/wah-take.js"" data-transcript=""https://mgybenoop5mbek0c.public.blob.vercel-storage.com/takes/ritz-carlton-dubai/current/transcript.json""></script>"
"971","The Ritz-Carlton, Marina del Rey","<script src=""https://mgybenoop5mbek0c.public.blob.vercel-storage.com/wah-take.js"" data-transcript=""https://mgybenoop5mbek0c.public.blob.vercel-storage.com/takes/ritz-carlton-marina-del-rey/current/transcript.json""></script>"
"6643","The Ritz-Carlton Naples, Tiburon","<script src=""https://mgybenoop5mbek0c.public.blob.vercel-storage.com/wah-take.js"" data-transcript=""https://mgybenoop5mbek0c.public.blob.vercel-storage.com/takes/ritz-carlton-naples-tiburon/current/transcript.json""></script>"
"951","The Ritz Carlton Kapalua","<script src=""https://mgybenoop5mbek0c.public.blob.vercel-storage.com/wah-take.js"" data-transcript=""https://mgybenoop5mbek0c.public.blob.vercel-storage.com/takes/ritz-carlton-kapalua/current/transcript.json""></script>"
"1601","The Ritz Carlton Philadelphia","<script src=""https://mgybenoop5mbek0c.public.blob.vercel-storage.com/wah-take.js"" data-transcript=""https://mgybenoop5mbek0c.public.blob.vercel-storage.com/takes/ritz-carlton-philadelphia/current/transcript.json""></script>"
"2487","The Ritz-Carlton, Toronto","<script src=""https://mgybenoop5mbek0c.public.blob.vercel-storage.com/wah-take.js"" data-transcript=""https://mgybenoop5mbek0c.public.blob.vercel-storage.com/takes/ritz-carlton-toronto/current/transcript.json""></script>"
"1853","The Ritz-Carlton, Beijing","<script src=""https://mgybenoop5mbek0c.public.blob.vercel-storage.com/wah-take.js"" data-transcript=""https://mgybenoop5mbek0c.public.blob.vercel-storage.com/takes/ritz-carlton-beijing/current/transcript.json""></script>"
"1622","The Ritz-Carlton, Wolfsburg","<script src=""https://mgybenoop5mbek0c.public.blob.vercel-storage.com/wah-take.js"" data-transcript=""https://mgybenoop5mbek0c.public.blob.vercel-storage.com/takes/ritz-carlton-wolfsburg/current/transcript.json""></script>"
"6409","The Ritz-Carlton, Fukuoka","<script src=""https://mgybenoop5mbek0c.public.blob.vercel-storage.com/wah-take.js"" data-transcript=""https://mgybenoop5mbek0c.public.blob.vercel-storage.com/takes/ritz-carlton-fukuoka/current/transcript.json""></script>"
"4050","The Ritz Carlton Mexico City","<script src=""https://mgybenoop5mbek0c.public.blob.vercel-storage.com/wah-take.js"" data-transcript=""https://mgybenoop5mbek0c.public.blob.vercel-storage.com/takes/ritz-carlton-mexico-city/current/transcript.json""></script>"
"952","Hotel Arts Barcelona","<script src=""https://mgybenoop5mbek0c.public.blob.vercel-storage.com/wah-take.js"" data-transcript=""https://mgybenoop5mbek0c.public.blob.vercel-storage.com/takes/hotel-arts-barcelona/current/transcript.json""></script>"
"3372","The Ritz Carlton Ras Al Khaima, Al Hamra Beach","<script src=""https://mgybenoop5mbek0c.public.blob.vercel-storage.com/wah-take.js"" data-transcript=""https://mgybenoop5mbek0c.public.blob.vercel-storage.com/takes/ritz-carlton-ras-al-khaima-al-hamra-beach/current/transcript.json""></script>"
"953","The Ritz-Carlton, San Francisco","<script src=""https://mgybenoop5mbek0c.public.blob.vercel-storage.com/wah-take.js"" data-transcript=""https://mgybenoop5mbek0c.public.blob.vercel-storage.com/takes/ritz-carlton-san-francisco/current/transcript.json""></script>"
"1432","The Ritz-Carlton, Amelia Island","<script src=""https://mgybenoop5mbek0c.public.blob.vercel-storage.com/wah-take.js"" data-transcript=""https://mgybenoop5mbek0c.public.blob.vercel-storage.com/takes/ritz-carlton-amelia-island/current/transcript.json""></script>"
"1843","The Ritz-Carlton, Chicago","<script src=""https://mgybenoop5mbek0c.public.blob.vercel-storage.com/wah-take.js"" data-transcript=""https://mgybenoop5mbek0c.public.blob.vercel-storage.com/takes/ritz-carlton-chicago/current/transcript.json""></script>"
"1836","Ritz Carlton Dallas, Las Colinas Resort","<script src=""https://mgybenoop5mbek0c.public.blob.vercel-storage.com/wah-take.js"" data-transcript=""https://mgybenoop5mbek0c.public.blob.vercel-storage.com/takes/ritz-carlton-dallas-las-colinas-resort/current/transcript.json""></script>"
"2647","Ritz Carlton Montreal","<script src=""https://mgybenoop5mbek0c.public.blob.vercel-storage.com/wah-take.js"" data-transcript=""https://mgybenoop5mbek0c.public.blob.vercel-storage.com/takes/ritz-carlton-montreal/current/transcript.json""></script>"
"2930","The Ritz-Carlton, Chengdu","<script src=""https://mgybenoop5mbek0c.public.blob.vercel-storage.com/wah-take.js"" data-transcript=""https://mgybenoop5mbek0c.public.blob.vercel-storage.com/takes/ritz-carlton-chengdu/current/transcript.json""></script>"
"1512","Ritz Carlton, Grand Cayman","<script src=""https://mgybenoop5mbek0c.public.blob.vercel-storage.com/wah-take.js"" data-transcript=""https://mgybenoop5mbek0c.public.blob.vercel-storage.com/takes/ritz-carlton-grand-cayman/current/transcript.json""></script>"
"2934","The Ritz-Carlton, Kyoto","<script src=""https://mgybenoop5mbek0c.public.blob.vercel-storage.com/wah-take.js"" data-transcript=""https://mgybenoop5mbek0c.public.blob.vercel-storage.com/takes/ritz-carlton-kyoto/current/transcript.json""></script>"
"3703","Zadun, a Ritz-Carlton Reserve","<script src=""https://mgybenoop5mbek0c.public.blob.vercel-storage.com/wah-take.js"" data-transcript=""https://mgybenoop5mbek0c.public.blob.vercel-storage.com/takes/zadun-a-ritz-carlton-reserve/current/transcript.json""></script>"
"1857","The Ritz-Carlton, Abama","<script src=""https://mgybenoop5mbek0c.public.blob.vercel-storage.com/wah-take.js"" data-transcript=""https://mgybenoop5mbek0c.public.blob.vercel-storage.com/takes/ritz-carlton-abama/current/transcript.json""></script>"
"2685","The Ritz-Carlton Abu Dhabi, Grand Canal","<script src=""https://mgybenoop5mbek0c.public.blob.vercel-storage.com/wah-take.js"" data-transcript=""https://mgybenoop5mbek0c.public.blob.vercel-storage.com/takes/ritz-carlton-abu-dhabi-grand-canal/current/transcript.json""></script>"
"1254","The Ritz-Carlton, Bachelor Gulch","<script src=""https://mgybenoop5mbek0c.public.blob.vercel-storage.com/wah-take.js"" data-transcript=""https://mgybenoop5mbek0c.public.blob.vercel-storage.com/takes/ritz-carlton-bachelor-gulch/current/transcript.json""></script>"
"1143","The Ritz-Carlton, New Orleans","<script src=""https://mgybenoop5mbek0c.public.blob.vercel-storage.com/wah-take.js"" data-transcript=""https://mgybenoop5mbek0c.public.blob.vercel-storage.com/takes/ritz-carlton-new-orleans/current/transcript.json""></script>"
"1851","The Ritz-Carlton, Dallas","<script src=""https://mgybenoop5mbek0c.public.blob.vercel-storage.com/wah-take.js"" data-transcript=""https://mgybenoop5mbek0c.public.blob.vercel-storage.com/takes/ritz-carlton-dallas/current/transcript.json""></script>"
"3347","The Ritz-Carlton, Santiago","<script src=""https://mgybenoop5mbek0c.public.blob.vercel-storage.com/wah-take.js"" data-transcript=""https://mgybenoop5mbek0c.public.blob.vercel-storage.com/takes/ritz-carlton-santiago/current/transcript.json""></script>"
"1854","The Ritz-Carlton, Guangzhou","<script src=""https://mgybenoop5mbek0c.public.blob.vercel-storage.com/wah-take.js"" data-transcript=""https://mgybenoop5mbek0c.public.blob.vercel-storage.com/takes/ritz-carlton-guangzhou/current/transcript.json""></script>"
"2770","The Ritz-Carlton, Bangalore","<script src=""https://mgybenoop5mbek0c.public.blob.vercel-storage.com/wah-take.js"" data-transcript=""https://mgybenoop5mbek0c.public.blob.vercel-storage.com/takes/ritz-carlton-bangalore/current/transcript.json""></script>"
"4182","The Ritz-Carlton, Nikko","<script src=""https://mgybenoop5mbek0c.public.blob.vercel-storage.com/wah-take.js"" data-transcript=""https://mgybenoop5mbek0c.public.blob.vercel-storage.com/takes/ritz-carlton-nikko/current/transcript.json""></script>"
"3485","The Ritz-Carlton Hotel de la Paix","<script src=""https://mgybenoop5mbek0c.public.blob.vercel-storage.com/wah-take.js"" data-transcript=""https://mgybenoop5mbek0c.public.blob.vercel-storage.com/takes/ritz-carlton-hotel-de-la-paix/current/transcript.json""></script>"
"4101","The Ritz-Carlton, St. Thomas","<script src=""https://mgybenoop5mbek0c.public.blob.vercel-storage.com/wah-take.js"" data-transcript=""https://mgybenoop5mbek0c.public.blob.vercel-storage.com/takes/ritz-carlton-st-thomas/current/transcript.json""></script>"
